{
	"format_version": "1.8.0",
	"animations": {
		"robotstanding2": {
			"loop": true,
			"animation_length": 1.25,
			"override_previous_animation": true,
			"bones": {
				"Head": {
					"rotation": {
						"0.0": {
							"vector": [12, 0, 0]
						},
						"0.625": {
							"vector": [14.01599, 2.93438, 1.6243]
						},
						"1.25": {
							"vector": [12, 0, 0]
						}
					}
				},
				"RightArm": {
					"rotation": {
						"0.0": {
							"vector": [7.47178, 0.65182, 0.04256]
						},
						"0.625": {
							"vector": [7.47178, 0.65182, 1.0426]
						},
						"1.25": {
							"vector": [7.47178, 0.65182, 0.04256]
						}
					}
				},
				"LeftArm": {
					"rotation": {
						"0.0": {
							"vector": [-7.47178, 0.65182, -0.04256]
						},
						"0.625": {
							"vector": [-7.47178, 0.65182, -1.0426]
						},
						"1.25": {
							"vector": [-7.47178, 0.65182, -0.04256]
						}
					}
				},
				"RightLeg": {
					"rotation": {
						"0.0": {
							"vector": [-5.04292, -7.4713, 0.6574]
						},
						"0.625": {
							"vector": [-4.50816, -7.80444, -3.36441]
						},
						"1.25": {
							"vector": [-5.04292, -7.4713, 0.6574]
						}
					}
				},
				"LeftLeg": {
					"rotation": {
						"0.0": {
							"vector": [5.70328, 14.75198, 3.39757]
						},
						"1.25": {
							"vector": [5.70328, 14.75198, 3.39757]
						}
					}
				}
			}
		}
	},
	"geckolib_format_version": 2
}