{
	"format_version": "1.8.0",
	"animations": {
		"standing7": {
			"loop": true,
			"animation_length": 1.25,
			"override_previous_animation": true,
			"bones": {
				"Head": {
					"rotation": {
						"0.0": {
							"vector": [6.06653, 10.97786, 0.42557]
						},
						"0.625": {
							"vector": [4.9881, 6.00547, -0.1051]
						},
						"1.25": {
							"vector": [6.06653, 10.97786, 0.42557]
						}
					}
				},
				"RightArm": {
					"rotation": {
						"0.0": {
							"vector": [0.27948, 3.99024, 4.00974]
						},
						"0.625": {
							"vector": [0.27884, 0.99028, 3.99511]
						},
						"1.25": {
							"vector": [0.27948, 3.99024, 4.00974]
						}
					}
				},
				"LeftArm": {
					"rotation": {
						"0.0": {
							"vector": [0.3325, -12.49565, -1.5364]
						},
						"0.625": {
							"vector": [0.32823, -8.49571, -1.51295]
						},
						"1.25": {
							"vector": [0.3325, -12.49565, -1.5364]
						}
					}
				},
				"RightLeg": {
					"rotation": {
						"0.0": {
							"vector": [-1, 6, 0]
						},
						"0.625": {
							"vector": [-1.10493, 5.98163, -1.00532]
						},
						"1.25": {
							"vector": [-1, 6, 0]
						}
					},
					"position": {
						"0.0": {
							"vector": [-0.2, 0, 0]
						},
						"0.625": {
							"vector": [-0.2, 0, 0]
						},
						"1.25": {
							"vector": [-0.2, 0, 0]
						}
					}
				},
				"LeftLeg": {
					"rotation": {
						"0.0": {
							"vector": [3, -3, 0]
						},
						"0.625": {
							"vector": [4, -3, 0]
						},
						"1.25": {
							"vector": [3, -3, 0]
						}
					},
					"position": {
						"0.0": {
							"vector": [0.2, 0, 0]
						},
						"0.625": {
							"vector": [0.2, 0, 0]
						},
						"1.25": {
							"vector": [0.2, 0, 0]
						}
					}
				},
				"bone": {
					"scale": {
						"vector": [0.86, 0.86, 0.86]
					}
				}
			}
		}
	},
	"geckolib_format_version": 2
}