{
	"format_version": "1.8.0",
	"animations": {
		"standing11": {
			"animation_length": 1.25,
			"bones": {
				"Head": {
					"rotation": {
						"0.0": {
							"vector": [0, -4, 0]
						},
						"0.625": {
							"vector": [1.00537, 4.97814, 0.62761]
						},
						"1.25": {
							"vector": [0, -4, 0]
						}
					}
				},
				"Body": {
					"rotation": {
						"0.0": {
							"vector": [-8, 0, 0]
						},
						"0.625": {
							"vector": [-8.00481, 1.98053, -0.27846]
						},
						"1.25": {
							"vector": [-8, 0, 0]
						}
					}
				},
				"RightArm": {
					"rotation": {
						"0.0": {
							"vector": [-202.19157, 3.81024, 13.25249]
						},
						"0.625": {
							"vector": [-208.02228, 8.57519, 24.3156]
						},
						"1.25": {
							"vector": [-202.19157, 3.81024, 13.25249]
						}
					}
				},
				"LeftArm": {
					"rotation": {
						"0.0": {
							"vector": [-216.66603, -8.85374, -10.17006]
						},
						"0.625": {
							"vector": [-208.74996, -15.28787, -19.29967]
						},
						"1.25": {
							"vector": [-216.66603, -8.85374, -10.17006]
						}
					}
				},
				"RightLeg": {
					"rotation": {
						"vector": [-1, 0, 2]
					}
				},
				"LeftLeg": {
					"rotation": {
						"vector": [2, 0, -2]
					}
				},
				"bone": {
					"scale": {
						"vector": [0.87, 0.87, 0.87]
					}
				}
			}
		}
	},
	"geckolib_format_version": 2
}