{
	"format_version": "1.8.0",
	"animations": {
		"robotstranding2": {
			"loop": true,
			"animation_length": 1.25,
			"override_previous_animation": true,
			"bones": {
				"Head": {
					"rotation": {
						"0.0": {
							"vector": [2.50954, -4.99523, -0.21865]
						},
						"0.625": {
							"vector": [2.5061, -3.99619, -0.17476]
						},
						"1.25": {
							"vector": [2.50954, -4.99523, -0.21865]
						}
					}
				},
				"RightArm": {
					"rotation": {
						"0.0": {
							"vector": [-12.57502, -3.58438, -3.37604]
						},
						"0.625": {
							"vector": [-12.44528, -4.01764, -5.33286]
						},
						"1.25": {
							"vector": [-12.57502, -3.58438, -3.37604]
						}
					}
				},
				"LeftArm": {
					"rotation": {
						"0.0": {
							"vector": [-8.97843, 0.62524, 3.95091]
						},
						"0.625": {
							"vector": [-8.91383, 1.24751, 7.90276]
						},
						"1.25": {
							"vector": [-8.97843, 0.62524, 3.95091]
						}
					}
				},
				"RightLeg": {
					"rotation": {
						"0.0": {
							"vector": [-4, 5, 0]
						},
						"1.25": {
							"vector": [-4, 5, 0]
						}
					}
				},
				"LeftLeg": {
					"rotation": {
						"0.0": {
							"vector": [14, 0, 0]
						},
						"0.625": {
							"vector": [12, 0, 0]
						},
						"1.25": {
							"vector": [14, 0, 0]
						}
					}
				},
				"bone": {
					"scale": {
						"vector": [0.87, 0.87, 0.87]
					}
				}
			}
		}
	},
	"geckolib_format_version": 2
}