{
	"format_version": "1.8.0",
	"animations": {
		"standing8": {
			"animation_length": 1.25,
			"bones": {
				"Head": {
					"rotation": {
						"0.0": {
							"vector": [4, 0, 0]
						},
						"0.625": {
							"vector": [3, 0, 0]
						},
						"1.25": {
							"vector": [4, 0, 0]
						}
					}
				},
				"Body": {
					"rotation": {
						"vector": [0, 8, 0]
					}
				},
				"RightArm": {
					"rotation": {
						"0.0": {
							"vector": [-6.97363, 0.60859, 4.96292]
						},
						"0.625": {
							"vector": [-6.94834, 0.851, 6.94834]
						},
						"1.25": {
							"vector": [-6.97363, 0.60859, 4.96292]
						}
					}
				},
				"LeftArm": {
					"rotation": {
						"0.0": {
							"vector": [12.9522, 1.1234, -4.87248]
						},
						"0.625": {
							"vector": [12.90636, 1.57094, -6.8223]
						},
						"1.25": {
							"vector": [12.9522, 1.1234, -4.87248]
						}
					}
				},
				"RightLeg": {
					"rotation": {
						"0.0": {
							"vector": [0, 0, 0]
						},
						"1.25": {
							"vector": [0, 0, 0]
						}
					}
				},
				"LeftLeg": {
					"rotation": {
						"0.0": {
							"vector": [10, 0, 0]
						},
						"0.625": {
							"vector": [4.99403, -0.34723, 1.96964]
						},
						"1.25": {
							"vector": [10, 0, 0]
						}
					}
				},
				"bone": {
					"scale": {
						"vector": [0.84, 0.84, 0.84]
					}
				}
			}
		}
	},
	"geckolib_format_version": 2
}