{
	"format_version": "1.8.0",
	"animations": {
		"standing10": {
			"loop": true,
			"animation_length": 1.25,
			"override_previous_animation": true,
			"bones": {
				"Head": {
					"rotation": {
						"0.0": {
							"vector": [-0.99249, 6.99893, 0.12278]
						},
						"0.625": {
							"vector": [5.5171, 4.99009, 0.36773]
						},
						"1.25": {
							"vector": [-0.99249, 6.99893, 0.12278]
						}
					}
				},
				"Body": {
					"rotation": {
						"0.0": {
							"vector": [0, -4, 0]
						},
						"1.25": {
							"vector": [0, -4, 0]
						}
					}
				},
				"RightArm": {
					"rotation": {
						"0.0": {
							"vector": [0.633, 8.9779, 4.0497]
						},
						"0.625": {
							"vector": [1.77408, 6.76971, 1.96941]
						},
						"1.25": {
							"vector": [0.633, 8.9779, 4.0497]
						}
					}
				},
				"LeftArm": {
					"rotation": {
						"0.0": {
							"vector": [0.26234, -4.99313, -3.01144]
						},
						"0.625": {
							"vector": [0.02492, 4.49294, -2.02425]
						},
						"1.25": {
							"vector": [0.26234, -4.99313, -3.01144]
						}
					}
				},
				"RightLeg": {
					"rotation": {
						"0.0": {
							"vector": [-2, 0, 3]
						},
						"1.25": {
							"vector": [-2, 0, 3]
						}
					}
				},
				"LeftLeg": {
					"rotation": {
						"0.0": {
							"vector": [4.99697, 0.17428, -1.9924]
						},
						"1.25": {
							"vector": [4.99697, 0.17428, -1.9924]
						}
					}
				},
				"bone": {
					"scale": {
						"vector": [0.895, 0.895, 0.895]
					}
				}
			}
		}
	},
	"geckolib_format_version": 2
}