{
	"format_version": "1.8.0",
	"animations": {
		"standing9": {
			"animation_length": 1.25,
			"bones": {
				"Head": {
					"rotation": {
						"0.0": {
							"vector": [8, -7, 0]
						},
						"0.625": {
							"vector": [7.95978, -4.02904, 0.41837]
						},
						"1.25": {
							"vector": [8, -7, 0]
						}
					}
				},
				"Body": {
					"rotation": {
						"vector": [0, -3, 0]
					}
				},
				"RightArm": {
					"rotation": {
						"0.0": {
							"vector": [3.46618, 6.42696, 3.9861]
						},
						"0.625": {
							"vector": [3.12416, 6.59944, 0.9716]
						},
						"1.25": {
							"vector": [3.46618, 6.42696, 3.9861]
						}
					}
				},
				"LeftArm": {
					"rotation": {
						"0.0": {
							"vector": [-0.36901, 7.97752, -7.04172]
						},
						"0.625": {
							"vector": [-0.08856, 7.9855, -5.02217]
						},
						"1.25": {
							"vector": [-0.36901, 7.97752, -7.04172]
						}
					}
				},
				"RightLeg": {
					"rotation": {
						"0.0": {
							"vector": [0.20968, 3.99451, 3.00731]
						},
						"0.625": {
							"vector": [-2.79032, 3.99451, 3.00731]
						},
						"1.25": {
							"vector": [0.20968, 3.99451, 3.00731]
						}
					}
				},
				"LeftLeg": {
					"rotation": {
						"0.0": {
							"vector": [3.01144, -4.99313, -0.26234]
						},
						"1.25": {
							"vector": [3.01144, -4.99313, -0.26234]
						}
					}
				},
				"bone": {
					"scale": {
						"vector": [0.885, 0.885, 0.885]
					}
				}
			}
		}
	},
	"geckolib_format_version": 2
}