{
	"format_version": "1.8.0",
	"animations": {
		"st_robo3": {
			"animation_length": 2,
			"bones": {
				"bone": {
					"scale": {
						"vector": [0.95, 0.95, 0.95]
					}
				},
				"RightArm": {
					"rotation": {
						"0.0": {
							"vector": [9.96097, -1.16862, 3.82575]
						},
						"1.0": {
							"vector": [9.99519, -0.82204, 1.85571]
						},
						"2.0": {
							"vector": [9.96097, -1.16862, 3.82575]
						}
					}
				},
				"LeftArm": {
					"rotation": {
						"0.0": {
							"vector": [8.62398, 3.99975, -1.69829]
						},
						"1.0": {
							"vector": [8.75699, 3.69753, 0.28321]
						},
						"2.0": {
							"vector": [8.62398, 3.99975, -1.69829]
						}
					}
				},
				"Head": {
					"rotation": {
						"0.0": {
							"vector": [-3.9412, -1.14284, -5.89055]
						},
						"1.0": {
							"vector": [-6.6912, -1.14284, -5.89055]
						},
						"2.0": {
							"vector": [-3.9412, -1.14284, -5.89055]
						}
					}
				},
				"RightLeg": {
					"rotation": {
						"0.0": {
							"vector": [4.37474, -6.46928, 5.49044]
						},
						"2.0": {
							"vector": [4.37474, -6.46928, 5.49044]
						}
					}
				},
				"LeftLeg": {
					"rotation": {
						"0.0": {
							"vector": [2, 0, -4.5]
						},
						"2.0": {
							"vector": [2, 0, -4.5]
						}
					}
				}
			}
		}
	},
	"geckolib_format_version": 2
}